	{

		"metadata": {
			"formatVersion" : 3.1,
			"generatedBy"   : "Blender 2.7 Exporter",
			"vertices"      : 163,
			"faces"         : 278,
			"normals"       : 97,
			"colors"        : 0,
			"uvs"           : [36],
			"materials"     : 2,
			"morphTargets"  : 0,
			"bones"         : 0
		},

			"scale" : 1.000000,
			
			"vertices" : [0,-0.0235612,-0.193667,0,1.41007,-0.193667,0.0377825,-0.0235612,-0.189945,0.0377825,1.41007,-0.189945,0.074113,-0.0235612,-0.178925,0.074113,1.41007,-0.178925,0.107595,-0.0235612,-0.161028,0.107595,1.41007,-0.161028,0.136943,-0.0235612,-0.136943,0.136943,1.41007,-0.136943,0.161028,-0.0235612,-0.107595,0.161028,1.41007,-0.107595,0.178925,-0.0235612,-0.074113,0.178925,1.41007,-0.0741131,0.189945,-0.0235612,-0.0377825,0.189945,1.41007,-0.0377825,0.193667,-0.0235612,-1.35915e-08,0.193667,1.41007,-7.62575e-08,0.189945,-0.0235612,0.0377825,0.189945,1.41007,0.0377824,0.178925,-0.0235612,0.074113,0.178925,1.41007,0.0741129,0.161028,-0.0235612,0.107595,0.161028,1.41007,0.107595,0.136943,-0.0235612,0.136943,0.136943,1.41007,0.136943,0.107595,-0.0235612,0.161028,0.107595,1.41007,0.161028,0.074113,-0.0235612,0.178925,0.074113,1.41007,0.178925,0.0377824,-0.0235612,0.189945,0.0377824,1.41007,0.189945,-6.31046e-08,-0.0235612,0.193667,-6.31046e-08,1.41007,0.193667,-0.0377826,-0.0235612,0.189945,-0.0377826,1.41007,0.189945,-0.0741131,-0.0235612,0.178925,-0.0741131,1.41007,0.178925,-0.107595,-0.0235612,0.161028,-0.107595,1.41007,0.161028,-0.136943,-0.0235612,0.136943,-0.136943,1.41007,0.136943,-0.161028,-0.0235612,0.107595,-0.161028,1.41007,0.107595,-0.178925,-0.0235612,0.0741128,-0.178925,1.41007,0.0741128,-0.189945,-0.0235612,0.0377823,-0.189945,1.41007,0.0377822,-0.193667,-0.0235612,-1.85974e-07,-0.193667,1.41007,-2.4864e-07,-0.189945,-0.0235612,-0.0377827,-0.189945,1.41007,-0.0377827,-0.178925,-0.0235612,-0.0741132,-0.178925,1.41007,-0.0741133,-0.161028,-0.0235612,-0.107596,-0.161028,1.41007,-0.107596,-0.136943,-0.0235612,-0.136943,-0.136943,1.41007,-0.136943,-0.107595,-0.0235612,-0.161028,-0.107595,1.41007,-0.161028,-0.0741127,-0.0235612,-0.178925,-0.0741127,1.41007,-0.178925,-0.0377822,-0.0235612,-0.189945,-0.0377822,1.41007,-0.189945,0,1.26353,-1,0.19509,1.26353,-0.980785,0.382683,1.26353,-0.92388,0.55557,1.26353,-0.83147,0.707107,1.26353,-0.707107,0.83147,1.26353,-0.55557,0.92388,1.26353,-0.382683,0.980785,1.26353,-0.19509,1,1.26353,-1.30728e-07,0,3.26353,-1.42653e-07,0.980785,1.26353,0.19509,0.92388,1.26353,0.382683,0.83147,1.26353,0.55557,0.707107,1.26353,0.707107,0.55557,1.26353,0.83147,0.382683,1.26353,0.92388,0.19509,1.26353,0.980785,-3.25841e-07,1.26353,1,-0.195091,1.26353,0.980785,-0.382684,1.26353,0.923879,-0.555571,1.26353,0.831469,-0.707107,1.26353,0.707106,-0.83147,1.26353,0.55557,-0.92388,1.26353,0.382683,-0.980785,1.26353,0.195089,-1,1.26353,-1.02083e-06,-0.980785,1.26353,-0.195091,-0.923879,1.26353,-0.382685,-0.831469,1.26353,-0.555571,-0.707106,1.26353,-0.707108,-0.555569,1.26353,-0.83147,-0.382682,1.26353,-0.92388,-0.195089,1.26353,-0.980786,0,2.25892,-1,0.19509,2.25892,-0.980785,0.382683,2.25892,-0.92388,0.55557,2.25892,-0.83147,0.707107,2.25892,-0.707107,0.83147,2.25892,-0.55557,0.92388,2.25892,-0.382684,0.980785,2.25892,-0.19509,1,2.25892,-1.74238e-07,0,4.25892,-1.86163e-07,0.980785,2.25892,0.19509,0.92388,2.25892,0.382683,0.83147,2.25892,0.55557,0.707107,2.25892,0.707107,0.55557,2.25892,0.83147,0.382683,2.25892,0.92388,0.19509,2.25892,0.980785,-3.25841e-07,2.25892,1,-0.195091,2.25892,0.980785,-0.382684,2.25892,0.923879,-0.555571,2.25892,0.831469,-0.707107,2.25892,0.707106,-0.83147,2.25892,0.55557,-0.92388,2.25892,0.382683,-0.980785,2.25892,0.195089,-1,2.25892,-1.06434e-06,-0.980785,2.25892,-0.195091,-0.923879,2.25892,-0.382685,-0.831469,2.25892,-0.555571,-0.707106,2.25892,-0.707108,-0.555569,2.25892,-0.83147,-0.382682,2.25892,-0.92388,-0.195089,2.25892,-0.980786,0,3.10664,-1,0.19509,3.10664,-0.980785,0.382683,3.10664,-0.92388,0.55557,3.10664,-0.83147,0.707107,3.10664,-0.707107,0.83147,3.10664,-0.55557,0.92388,3.10664,-0.382684,0.980785,3.10664,-0.19509,1,3.10664,-2.11293e-07,0,5.10664,-2.23218e-07,0.980785,3.10664,0.19509,0.92388,3.10664,0.382683,0.83147,3.10664,0.55557,0.707107,3.10664,0.707107,0.55557,3.10664,0.831469,0.382683,3.10664,0.923879,0.19509,3.10664,0.980785,-3.25841e-07,3.10664,1,-0.195091,3.10664,0.980785,-0.382684,3.10664,0.923879,-0.555571,3.10664,0.831469,-0.707107,3.10664,0.707106,-0.83147,3.10664,0.555569,-0.92388,3.10664,0.382683,-0.980785,3.10664,0.195089,-1,3.10664,-1.10139e-06,-0.980785,3.10664,-0.195091,-0.923879,3.10664,-0.382685,-0.831469,3.10664,-0.555571,-0.707106,3.10664,-0.707108,-0.555569,3.10664,-0.831471,-0.382682,3.10664,-0.92388,-0.195089,3.10664,-0.980786],